1;"org.flixel.FlxGame_SndFlixel"
2;"org.flixel.FlxGame_SndBeep"
3;"SndClick"
7;"org.flixel.FlxPreloader_ImgLogoCorners"
6;"org.flixel.FlxPreloader_ImgLogoLight"
10;"org.flixel.data.FlxPanel_ImgClose"
13;"org.flixel.data.FlxPause_ImgResumeButton"
16;"org.flixel.FlxGame_junk"
3;"SndClick"
19;"org.flixel.data.FlxPause_ImgPauseBackground"
21;"org.flixel.data.FlxPanel_ImgReddit"
23;"org.flixel.FlxPreloader_FlashAds_dataClass"
1;"org.flixel.FlxGame_SndFlixel"
24;"org.flixel.data.FlxPanel_ImgDelicious"
4;"org.flixel.data.FlxMouse_ImgDefaultCursor"
5;"org.flixel.data.FlxPause_ImgResumeButtonOver"
8;"org.flixel.FlxPreloader_ImgLogo"
9;"org.flixel.data.FlxPanel_ImgStumble"
11;"org.flixel.FlxGame_ethnocentric"
12;"org.flixel.data.FlxPanel_ImgDonate"
14;"org.flixel.data.FlxPanel_ImgTwitter"
15;"org.flixel.FlxPreloader_ImgBarBack"
17;"org.flixel.data.FlxPause_ImgMenuButtonOver"
18;"org.flixel.data.FlxPanel_ImgDigg"
2;"org.flixel.FlxGame_SndBeep"
20;"org.flixel.data.FlxPause_ImgMenuButton"
22;"org.flixel.FlxPreloader_FlashAds"
0;"Preloader"
25;"SndMusic"
26;"SndAccelLoop"
27;"SndShip"
28;"SndCaught"
29;"SndSonicBoomLoop"
30;"SndSlide"
31;"SndLevelCleared"
32;"SndMenuMusic"
33;"SndLand"
34;"SndPopupDisappear"
35;"SndAccelTrigger"
36;"SndSwitch"
37;"SndWin"
38;"SndPopupAppear"
39;"SndMorph"
40;"com.miniclip.GSwitch.MenuState_SndHit2"
41;"com.miniclip.GSwitch.Enemy_SndExplode2"
42;"com.miniclip.GSwitch.Enemy_SndJump"
43;"com.miniclip.GSwitch.Enemy_SndLand"
44;"com.miniclip.GSwitch.Enemy_SndJam"
45;"com.miniclip.GSwitch.Enemy_SndHurt"
46;"com.miniclip.GSwitch.Enemy_SndExplode"
47;"com.miniclip.GSwitch.Player_SndJam"
48;"com.miniclip.GSwitch.Player_SndJump"
49;"com.miniclip.GSwitch.Player_SndExplode2"
50;"com.miniclip.GSwitch.Player_SndLand"
51;"com.miniclip.GSwitch.Player_SndHurt"
52;"com.miniclip.GSwitch.Player_SndExplode"
53;"com.miniclip.GSwitch.PlayState_ImgDarkGlassTunnelHolder"
54;"com.miniclip.GSwitch.PlayState_ImgGlassTunnelSingleTop"
55;"com.miniclip.GSwitch.PlayState_sp3plist"
56;"com.miniclip.GSwitch.MenuState_ImgLeftGuy"
57;"com.miniclip.GSwitch.PlayState_ImgOrangeHolderFront"
58;"com.miniclip.GSwitch.PlayState_ImgDarkBridgeSingle"
60;"com.miniclip.GSwitch.MenuState_ImgPlayButton"
59;"com.miniclip.GSwitch.PlayState_ImgCreamyWallBottom"
61;"com.miniclip.GSwitch.Enemy_ImgPlayer"
62;"com.miniclip.GSwitch.Player_ImgPlayer"
64;"com.miniclip.GSwitch.PlayState_ImgEndButtonOver"
63;"com.miniclip.GSwitch.PlayState_ImgGlassTunnelMiddle"
66;"com.miniclip.GSwitch.PlayState_ImgYellow02"
65;"com.miniclip.GSwitch.PlayState_ImgResultRed"
67;"com.miniclip.GSwitch.PlayState_ImgYellow03"
69;"com.miniclip.GSwitch.PlayState_ImgBridgeBYLeftFRONT"
68;"com.miniclip.GSwitch.PlayState_sp2plist"
70;"com.miniclip.GSwitch.PlayState_ImgBuildingFullWallBlue"
71;"com.miniclip.GSwitch.PlayState_ImgDoubleGlassTop"
72;"com.miniclip.GSwitch.PlayState_ImgGlassTunnelBottomFront"
73;"com.miniclip.GSwitch.PlayState_ImgCoverupR3_1"
74;"com.miniclip.GSwitch.PlayState_ImgOrangePipeTop"
75;"com.miniclip.GSwitch.PlayState_ImgCoverupR3_2"
46;"com.miniclip.GSwitch.Enemy_SndExplode"
76;"com.miniclip.GSwitch.PlayState_ImgResultBlue"
50;"com.miniclip.GSwitch.Player_SndLand"
77;"com.miniclip.GSwitch.MenuState_ImgMultiButton"
79;"com.miniclip.GSwitch.PlayState_ImgshadowLeft"
78;"com.miniclip.GSwitch.PlayState_ImgCoverupEnd"
80;"com.miniclip.GSwitch.MenuState_ImgIntersticialBG"
82;"com.miniclip.GSwitch.MenuState_ImgLoadingSplash"
81;"com.miniclip.GSwitch.PlayState_ImgDoubleDarkGlassSimpleBottom"
44;"com.miniclip.GSwitch.Enemy_SndJam"
83;"com.miniclip.GSwitch.PlayState_ImgGreyHolderFront"
85;"com.miniclip.GSwitch.PlayState_ImgOrangeVerticalMiddle"
84;"com.miniclip.GSwitch.Player_ImgPlayerRed"
86;"com.miniclip.GSwitch.PlayState_sp6plist"
87;"com.miniclip.GSwitch.PlayState_Imgcredits_copyright"
89;"com.miniclip.GSwitch.MenuState_ImgBackButtonOver"
88;"com.miniclip.GSwitch.PlayState_ImgResultNoneSmall"
90;"com.miniclip.GSwitch.PlayState_ImgKeyboard"
91;"com.miniclip.GSwitch.PlayState_Img004"
39;"SndMorph"
92;"com.miniclip.GSwitch.PlayState_ImgCRLightCubeGray"
93;"com.miniclip.GSwitch.PlayState_Imgcredits_antonio2"
94;"com.miniclip.GSwitch.MenuState_ImgContinueGame"
96;"com.miniclip.GSwitch.PlayState_ImgTopShipBig"
95;"com.miniclip.GSwitch.PlayState_ImgBlueVerticalMiddle"
97;"com.miniclip.GSwitch.PlayState_ImgGreySingle"
99;"com.miniclip.GSwitch.PlayState_ImgKeyboardM"
98;"com.miniclip.GSwitch.PlayState_ImgBridgeBY003"
100;"com.miniclip.GSwitch.PlayState_ImgBridgeBY002"
101;"com.miniclip.GSwitch.PlayState_ImgBridgeBY001"
103;"com.miniclip.GSwitch.MenuState_ImgMultiButton3"
102;"com.miniclip.GSwitch.PlayState_ImgKeyboardQ"
105;"com.miniclip.GSwitch.MenuState_ImgMultiButton2"
104;"com.miniclip.GSwitch.PlayState_ImgSpeed"
106;"com.miniclip.GSwitch.PlayState_Imgcredits_special_thanx"
108;"com.miniclip.GSwitch.MenuState_ImgMultiButton4"
107;"com.miniclip.GSwitch.PlayState_ImgKeyboardP"
35;"SndAccelTrigger"
109;"com.miniclip.GSwitch.PlayState_ImgKeyboardX"
43;"com.miniclip.GSwitch.Enemy_SndLand"
25;"SndMusic"
110;"com.miniclip.GSwitch.PlayState_ImgBrownDoorLight"
111;"com.miniclip.GSwitch.PlayState_Imgshadowright"
113;"com.miniclip.GSwitch.PlayState_ImgKeyX"
112;"com.miniclip.GSwitch.PlayState_ImgGlassTunnelSingleMiddle"
114;"com.miniclip.GSwitch.PlayState_ImgCreamyWallTop"
115;"com.miniclip.GSwitch.PlayState_ImgKeyM"
117;"com.miniclip.GSwitch.PlayState_ImgOrange03grey"
116;"com.miniclip.GSwitch.PlayState_ImgGlassTunnelSingle"
118;"com.miniclip.GSwitch.PlayState_ImgEmptyTile"
119;"com.miniclip.GSwitch.PlayState_ImgKeyQ"
120;"com.miniclip.GSwitch.PlayState_ImgKeyP"
121;"com.miniclip.GSwitch.PlayState_ImgPauseButHL"
124;"com.miniclip.GSwitch.PlayState_ImgOrangeSingle02"
123;"com.miniclip.GSwitch.PlayState_ImgGlassTunnelMiddleFront"
122;"com.miniclip.GSwitch.MenuState_ImgNo"
125;"com.miniclip.GSwitch.PlayState_ImgTOMALAQUEJAALMOCASTE"
126;"com.miniclip.GSwitch.PlayState_ImgBridgeBYholder"
128;"com.miniclip.GSwitch.PlayState_ImgGetIPhone"
127;"com.miniclip.GSwitch.MenuState_ImgCreditsButton"
129;"com.miniclip.GSwitch.MenuState_ImgYesOver"
130;"com.miniclip.GSwitch.PlayState_ImgContinue"
131;"com.miniclip.GSwitch.PlayState_ImgOrangeSingleLight"
132;"com.miniclip.GSwitch.PlayState_ImgGlassTunnelSingleBottomFront"
134;"com.miniclip.GSwitch.PlayState_ImgGreyVerticalMiddle"
133;"com.miniclip.GSwitch.PlayState_ImgBlueLightHolder"
135;"com.miniclip.GSwitch.MenuState_ImgChooseNumberOfPlayers"
136;"com.miniclip.GSwitch.PlayState_ImgGlassTunnelExtraTop"
137;"com.miniclip.GSwitch.PlayState_ImgBuildingWallBrown001"
138;"com.miniclip.GSwitch.PlayState_ImgGlassTunnelBottom"
141;"com.miniclip.GSwitch.PlayState_ImgLightCubeBrown"
140;"com.miniclip.GSwitch.PlayState_sp4plist"
139;"com.miniclip.GSwitch.PlayState_ImgBlueLightCube"
142;"com.miniclip.GSwitch.PlayState_ImgCreamy03"
144;"com.miniclip.GSwitch.PlayState_ImgOrangeVerticalMiddleLight"
143;"com.miniclip.GSwitch.PlayState_ImgCreamy02"
145;"com.miniclip.GSwitch.PlayState_ImgCreamy01"
147;"com.miniclip.GSwitch.PlayState_ImgAcceleratorSingle"
146;"com.miniclip.GSwitch.MenuState_ImgSoundButHL"
49;"com.miniclip.GSwitch.Player_SndExplode2"
148;"com.miniclip.GSwitch.PlayState_mp02plist"
150;"com.miniclip.GSwitch.PlayState_ImgCoverupR2_1"
149;"com.miniclip.GSwitch.PlayState_ImgLight06"
155;"com.miniclip.GSwitch.PlayState_Imgcredits_level_design"
154;"com.miniclip.GSwitch.PlayState_ImgCoverupR2_2"
153;"com.miniclip.GSwitch.PlayState_ImgCheckpoint001"
152;"com.miniclip.GSwitch.PlayState_ImgLight07"
151;"com.miniclip.GSwitch.MenuState_ImgMenuBackground"
159;"com.miniclip.GSwitch.PlayState_ImgBackship"
158;"com.miniclip.GSwitch.PlayState_ImgCoverupR2_3"
157;"com.miniclip.GSwitch.PlayState_ImgCheckpoint002"
156;"com.miniclip.GSwitch.PlayState_ImgLight08"
160;"com.miniclip.GSwitch.PlayState_ImgLight09"
161;"com.miniclip.GSwitch.PlayState_ImgLight02"
163;"com.miniclip.GSwitch.PlayState_ImgSoundButOn"
162;"com.miniclip.GSwitch.PlayState_ImgLight03"
165;"com.miniclip.GSwitch.PlayState_ImgLight04"
164;"com.miniclip.GSwitch.MenuState_ImgSoundBut"
166;"com.miniclip.GSwitch.PlayState_ImgLight05"
168;"com.miniclip.GSwitch.PlayState_ImgGreyVerticalTop"
167;"com.miniclip.GSwitch.PlayState_ImgCreamySingle"
170;"com.miniclip.GSwitch.PlayState_ImgDarkGlassMiddleRight"
169;"com.miniclip.GSwitch.PlayState_ImgDoubleDarkGlassFrontBottom"
171;"com.miniclip.GSwitch.PlayState_ImgOrangeHolder"
173;"com.miniclip.GSwitch.PlayState_ImgTheEnd"
172;"com.miniclip.GSwitch.PlayState_ImgLight01"
174;"com.miniclip.GSwitch.PlayState_ImgblackTile"
31;"SndLevelCleared"
45;"com.miniclip.GSwitch.Enemy_SndHurt"
175;"com.miniclip.GSwitch.PlayState_ImgBlock"
177;"com.miniclip.GSwitch.PlayState_ImgFinalTunnel"
176;"com.miniclip.GSwitch.PlayState_Imgcredits_mikael"
178;"com.miniclip.GSwitch.PlayState_ImgBlueVerticalBottom"
180;"com.miniclip.GSwitch.PlayState_ImgResultRedSmall"
179;"com.miniclip.GSwitch.PlayState_sp5plist"
181;"com.miniclip.GSwitch.PlayState_ImgBuildingFullWallBrown"
182;"com.miniclip.GSwitch.PlayState_Imgcredits_NunoMonteiro"
26;"SndAccelLoop"
183;"com.miniclip.GSwitch.PlayState_ImgBlueVerticalTop"
184;"com.miniclip.GSwitch.PlayState_ImgTopShipSmall"
185;"com.miniclip.GSwitch.PlayState_ImgOrangeSingle"
167;"com.miniclip.GSwitch.PlayState_Img000"
187;"com.miniclip.GSwitch.PlayState_Imgcredits_Joana"
186;"com.miniclip.GSwitch.MenuState_ImgScoreButton"
188;"com.miniclip.GSwitch.PlayState_Img001"
42;"com.miniclip.GSwitch.Enemy_SndJump"
189;"com.miniclip.GSwitch.PlayState_Img002"
190;"com.miniclip.GSwitch.PlayState_Img003"
193;"com.miniclip.GSwitch.PlayState_ImgBlueDoorLight"
192;"com.miniclip.GSwitch.PlayState_ImgDoubleGlassTopSingle"
191;"com.miniclip.GSwitch.PlayState_mp04plist"
195;"com.miniclip.GSwitch.PlayState_ImgContinueIntOver"
194;"com.miniclip.GSwitch.PlayState_ImgFinalTunnelFront"
196;"com.miniclip.GSwitch.PlayState_ImgCheckpointAnimation"
197;"com.miniclip.GSwitch.PlayState_ImgGrey03"
198;"com.miniclip.GSwitch.PlayState_ImgDoubleDarkGlassTop"
199;"com.miniclip.GSwitch.PlayState_ImgGrey02"
200;"com.miniclip.GSwitch.PlayState_ImgDoubleGlassBottom"
201;"com.miniclip.GSwitch.PlayState_ImgDoubleDarkGlassTopSingle"
202;"com.miniclip.GSwitch.PlayState_ImgOrangeVerticalBottom02"
204;"com.miniclip.GSwitch.PlayState_Imgshadow"
203;"com.miniclip.GSwitch.PlayState_ImgDarkWallBottom"
205;"com.miniclip.GSwitch.PlayState_ImgDarkPipe001png"
206;"com.miniclip.GSwitch.PlayState_Imgcredits_graphics"
208;"com.miniclip.GSwitch.PlayState_ImgBlueLightCubeDark"
207;"com.miniclip.GSwitch.PlayState_ImgGlassTunnelHolder"
210;"com.miniclip.GSwitch.PlayState_ImgLevelCleared"
209;"com.miniclip.GSwitch.MenuState_ImgMiniclipHL"
211;"com.miniclip.GSwitch.PlayState_ImgSHADOWUNIY"
212;"com.miniclip.GSwitch.PlayState_ImgBridgeBYRightFRONT"
213;"com.miniclip.GSwitch.PlayState_ImgSun"
28;"SndCaught"
214;"com.miniclip.GSwitch.PlayState_ImgSonicBoom"
215;"com.miniclip.GSwitch.PlayState_ImgDarkWallLight01"
216;"com.miniclip.GSwitch.PlayState_ImggilsusWalks"
218;"com.miniclip.GSwitch.PlayState_ImgDarkWallLight04"
217;"com.miniclip.GSwitch.PlayState_ImgScreenshot2"
219;"com.miniclip.GSwitch.PlayState_ImgScreenshot3"
221;"com.miniclip.GSwitch.PlayState_ImgDarkWallLight02"
220;"com.miniclip.GSwitch.PlayState_ImgBackground2"
224;"com.miniclip.GSwitch.PlayState_ImgDarkWallLight03"
223;"com.miniclip.GSwitch.PlayState_ImgResultBlueSmall"
222;"com.miniclip.GSwitch.PlayState_ImgGlassTunnelTop"
227;"com.miniclip.GSwitch.PlayState_ImgOrangeLight02"
226;"com.miniclip.GSwitch.PlayState_ImgBuildingWallBlue001"
225;"com.miniclip.GSwitch.PlayState_ImgBackground1"
230;"com.miniclip.GSwitch.PlayState_ImgOrangeLight03"
229;"com.miniclip.GSwitch.PlayState_ImgGlassTunnelSingleBottom"
228;"com.miniclip.GSwitch.PlayState_ImgResultGreenSmall"
231;"com.miniclip.GSwitch.PlayState_Imgvasco"
41;"com.miniclip.GSwitch.Enemy_SndExplode2"
232;"com.miniclip.GSwitch.PlayState_ImgOrangeLight01"
34;"SndPopupDisappear"
233;"com.miniclip.GSwitch.MenuState_ImgScoreButtonOver"
38;"SndPopupAppear"
235;"com.miniclip.GSwitch.PlayState_ImgOrangeLight04"
234;"com.miniclip.GSwitch.PlayState_Img1st"
237;"com.miniclip.GSwitch.PlayState_ImgDarkBridge002"
236;"com.miniclip.GSwitch.PlayState_ImgGlassTunnelSingleMiddleFront"
239;"com.miniclip.GSwitch.PlayState_ImgDarkBridge001"
238;"com.miniclip.GSwitch.PlayState_ImgHighInt"
240;"com.miniclip.GSwitch.PlayState_ImgVitorMarques"
47;"com.miniclip.GSwitch.Player_SndJam"
241;"com.miniclip.GSwitch.PlayState_ImgResultYellow"
242;"com.miniclip.GSwitch.MenuState_ImgNoOver"
52;"com.miniclip.GSwitch.Player_SndExplode"
243;"com.miniclip.GSwitch.PlayState_ImgGetItNowOn"
244;"com.miniclip.GSwitch.PlayState_ImgNextButton"
245;"com.miniclip.GSwitch.PlayState_ImgMultiEnd"
246;"com.miniclip.GSwitch.MenuState_ImgCreditsButtonOver"
247;"com.miniclip.GSwitch.PlayState_ImgNextButtonOver"
248;"com.miniclip.GSwitch.PlayState_ImgBridgeCrossSingle"
249;"com.miniclip.GSwitch.PlayState_ImgBlue03"
250;"com.miniclip.GSwitch.PlayState_ImgBlue02"
174;"com.miniclip.GSwitch.PlayState_ImgcollisionBlock"
251;"com.miniclip.GSwitch.PlayState_ImgOrangeVerticalTop02"
252;"com.miniclip.GSwitch.MenuState_ImgCursor"
51;"com.miniclip.GSwitch.Player_SndHurt"
254;"com.miniclip.GSwitch.PlayState_Imgcredits_DON_NUNO"
253;"com.miniclip.GSwitch.PlayState_ImgDoubleGlassBottomSingle"
255;"com.miniclip.GSwitch.PlayState_ImgBlueLightHolderFront"
256;"com.miniclip.GSwitch.PlayState_ImgGlassTunnelExtraBottom"
257;"com.miniclip.GSwitch.MenuState_ImgCoverup"
258;"com.miniclip.GSwitch.PlayState_ImgGetIPhoneHL"
259;"com.miniclip.GSwitch.PlayState_ImgwhiteBG"
30;"SndSlide"
260;"com.miniclip.GSwitch.PlayState_ImgGreenLightCube"
263;"com.miniclip.GSwitch.PlayState_ImgGreyHolder"
262;"com.miniclip.GSwitch.PlayState_ImgControls"
261;"com.miniclip.GSwitch.PlayState_ImgDarkGlassMiddleLeft"
264;"com.miniclip.GSwitch.MenuState_ImgYes"
265;"com.miniclip.GSwitch.PlayState_Imgcredits_vasco"
266;"com.miniclip.GSwitch.PlayState_ImgHudBg"
267;"com.miniclip.GSwitch.PlayState_ImgCheckpointBeamlight"
268;"com.miniclip.GSwitch.PlayState_ImgYellowSingle"
48;"com.miniclip.GSwitch.Player_SndJump"
269;"com.miniclip.GSwitch.PlayState_ImgGlassTunnelMiddleHolderLeft"
270;"com.miniclip.GSwitch.PlayState_ImgRedPipe001png"
29;"SndSonicBoomLoop"
274;"com.miniclip.GSwitch.PlayState_ImgSubmitScoreHL"
273;"com.miniclip.GSwitch.PlayState_ImgSoundBut"
272;"com.miniclip.GSwitch.PlayState_ImgContinueOver"
271;"com.miniclip.GSwitch.PlayState_ImgDarkPipeTop"
275;"com.miniclip.GSwitch.PlayState_ImgBackground"
32;"SndMenuMusic"
276;"com.miniclip.GSwitch.PlayState_ImgBridgeBYCenterFRONT"
277;"com.miniclip.GSwitch.PlayState_ImgPuff"
278;"com.miniclip.GSwitch.PlayState_ImgFinalTunnelWindow"
279;"com.miniclip.GSwitch.MenuState_ImgMultiButtonOver4"
27;"SndShip"
280;"com.miniclip.GSwitch.MenuState_ImgMultiButtonOver3"
282;"com.miniclip.GSwitch.MenuState_ImgMultiButtonOver2"
281;"com.miniclip.GSwitch.PlayState_Imgcredits_miniclip"
283;"com.miniclip.GSwitch.PlayState_ImgSubmitScore"
285;"com.miniclip.GSwitch.PlayState_Imgcredits_olesja"
284;"com.miniclip.GSwitch.PlayState_Imgcredits_andrew"
40;"com.miniclip.GSwitch.MenuState_SndHit2"
286;"com.miniclip.GSwitch.PlayState_Imgcredits_sounds"
287;"com.miniclip.GSwitch.PlayState_ImgSoundButHL"
288;"com.miniclip.GSwitch.PlayState_ImgCheckpointRayAnim"
289;"com.miniclip.GSwitch.PlayState_ImgGlassTunnelBottomSingle"
290;"com.miniclip.GSwitch.PlayState_ImgGreyHolderLight"
291;"com.miniclip.GSwitch.PlayState_ImgGetItNowOff"
292;"com.miniclip.GSwitch.PlayState_ImgPauseBut"
293;"com.miniclip.GSwitch.PlayState_ImgOrangeVerticalBottom"
294;"com.miniclip.GSwitch.PlayState_ImgCheckpointAnimationBlack"
295;"com.miniclip.GSwitch.PlayState_ImgDarkBridgeHolder"
296;"com.miniclip.GSwitch.PlayState_ImgRedPipeTop"
297;"com.miniclip.GSwitch.PlayState_ImgDoubleDarkGlassBottomSingle"
299;"com.miniclip.GSwitch.PlayState_ImgBridgeCrossHolder"
298;"com.miniclip.GSwitch.PlayState_mp03plist"
300;"com.miniclip.GSwitch.PlayState_ImgGlassTunnelMiddleHolderRight"
303;"com.miniclip.GSwitch.PlayState_ImgYellowVerticalBottom"
302;"com.miniclip.GSwitch.PlayState_ImgOrange02grey"
301;"com.miniclip.GSwitch.PlayState_creditsplist"
305;"com.miniclip.GSwitch.PlayState_Imgcredits_programming"
304;"com.miniclip.GSwitch.PlayState_ImgCheckpointRay"
308;"com.miniclip.GSwitch.MenuState_ImgSoundButOn"
307;"com.miniclip.GSwitch.PlayState_ImgSoundButOnHL"
306;"com.miniclip.GSwitch.PlayState_sp1plist"
309;"com.miniclip.GSwitch.PlayState_ImgBlueLightWall"
310;"com.miniclip.GSwitch.PlayState_ImgBridgeCross002"
313;"com.miniclip.GSwitch.PlayState_ImgHighIntOver"
312;"com.miniclip.GSwitch.PlayState_ImgBridgeCross001"
311;"com.miniclip.GSwitch.PlayState_ImgsmallShadow"
314;"com.miniclip.GSwitch.PlayState_ImgOrangeLightWallTop"
33;"SndLand"
315;"com.miniclip.GSwitch.PlayState_ImgGreySingleLight"
316;"com.miniclip.GSwitch.MenuState_ImgBackButton"
317;"com.miniclip.GSwitch.PlayState_ImgDoubleDarkGlassFrontMiddle"
318;"com.miniclip.GSwitch.PlayState_ImgResultYellowSmall"
319;"com.miniclip.GSwitch.PlayState_ImgOrangeVerticalTop"
321;"com.miniclip.GSwitch.PlayState_ImgContinueInt"
320;"com.miniclip.GSwitch.Player_ImgPlayerGreen"
322;"com.miniclip.GSwitch.PlayState_ImgCheckpointMarker"
323;"com.miniclip.GSwitch.PlayState_ImgResultGreen"
324;"com.miniclip.GSwitch.PlayState_ImgOrangeLightWallBottom"
325;"com.miniclip.GSwitch.Player_ImgPlayerYellow"
326;"com.miniclip.GSwitch.MenuState_ImgMultiButtonOver"
329;"com.miniclip.GSwitch.MenuState_ImgMiniclip"
328;"com.miniclip.GSwitch.MenuState_ImgPlayButtonOver"
327;"com.miniclip.GSwitch.PlayState_ImgOrangeVerticalMiddle02"
330;"com.miniclip.GSwitch.PlayState_ImgEndButton"
332;"com.miniclip.GSwitch.MenuState_ImgRightGuy"
331;"com.miniclip.GSwitch.PlayState_ImgIntersticial"
37;"SndWin"
333;"com.miniclip.GSwitch.PlayState_ImgDoubleGlassBottomSimple"
334;"com.miniclip.GSwitch.PlayState_ImgYellowVerticalTop"
335;"com.miniclip.GSwitch.PlayState_ImgOrangeVerticalTopLight"
337;"com.miniclip.GSwitch.PlayState_ImgDarkWallTop"
336;"com.miniclip.GSwitch.PlayState_ImgDontGetCaught"
338;"com.miniclip.GSwitch.PlayState_ImgOrangePipe"
339;"com.miniclip.GSwitch.PlayState_ImgOrange03"
340;"com.miniclip.GSwitch.PlayState_ImgGreyVerticalBottom"
341;"com.miniclip.GSwitch.MenuState_ImgSoundButOnHL"
343;"com.miniclip.GSwitch.PlayState_ImgOrange02light"
342;"com.miniclip.GSwitch.PlayState_ImgOrangeVerticalBottom02Light"
344;"com.miniclip.GSwitch.PlayState_ImgLightCubeGray"
345;"com.miniclip.GSwitch.PlayState_ImgYellowVerticalMiddle"
347;"com.miniclip.GSwitch.PlayState_ImgBlueSingle"
346;"com.miniclip.GSwitch.PlayState_ImgOrange03Light"
36;"SndSwitch"
348;"com.miniclip.GSwitch.PlayState_ImgDoubleDarkGlassBottom"
350;"com.miniclip.GSwitch.MenuState_ImgLogoHL"
349;"com.miniclip.GSwitch.PlayState_sp7plist"
